Parameter	Coverage
δ	0.9298245614035088
λ_xscale	1
λ_xshift	0.9824561403508771
λ_yscale	0.9824561403508771
λ_yshift	1
μ	0.9824561403508771
